{
  "id": "",
  "name": "",
  "font_family": "iconfont",
  "css_prefix_text": "icon-",
  "description": "",
  "glyphs": [
    {
      "icon_id": "62822143",
      "name": "搜索",
      "font_class": "sousuo",
      "unicode": "e627",
      "unicode_decimal": 58919
    },
    {
      "icon_id": "62822144",
      "name": "菜单",
      "font_class": "caidan",
      "unicode": "e605",
      "unicode_decimal": 58885
    },
    {
      "icon_id": "62822145",
      "name": "相机",
      "font_class": "xiangji",
      "unicode": "e63e",
      "unicode_decimal": 58942
    },
    {
      "icon_id": "62822379",
      "name": "取消",
      "font_class": "quxiao",
      "unicode": "e64f",
      "unicode_decimal": 58959
    },
    {
      "icon_id": "62841174",
      "name": "下箭头",
      "font_class": "xiajiantou",
      "unicode": "e733",
      "unicode_decimal": 59187
    },
    {
      "icon_id": "2849",
      "name": "淘公仔",
      "font_class": "taogongzi",
      "unicode": "35ba",
      "unicode_decimal": 13754
    },
    {
      "icon_id": "15369",
      "name": "右三角形",
      "font_class": "yousanjiaoxing",
      "unicode": "e644",
      "unicode_decimal": 58948
    },
    {
      "icon_id": "584251",
      "name": "右箭头",
      "font_class": "iconfontjiantou5",
      "unicode": "e635",
      "unicode_decimal": 58933
    },
    {
      "icon_id": "689233",
      "name": "二维码",
      "font_class": "erweima",
      "unicode": "e7dd",
      "unicode_decimal": 59357
    },
    {
      "icon_id": "978679",
      "name": "引号",
      "font_class": "quotation",
      "unicode": "e67b",
      "unicode_decimal": 59003
    },
    {
      "icon_id": "998483",
      "name": "购物车",
      "font_class": "ai66",
      "unicode": "e6b8",
      "unicode_decimal": 59064
    },
    {
      "icon_id": "3050500",
      "name": "收藏",
      "font_class": "collection-b",
      "unicode": "e60d",
      "unicode_decimal": 58893
    },
    {
      "icon_id": "7708046",
      "name": "左箭头",
      "font_class": "zuojiantou",
      "unicode": "e620",
      "unicode_decimal": 58912
    },
    {
      "icon_id": "12184892",
      "name": "笑脸",
      "font_class": "xiaolian",
      "unicode": "e688",
      "unicode_decimal": 59016
    }
  ]
}
